<?xml version="1.0" encoding="UTF-8" standalone="yes"?>
<profile>
    <profile_id>412017</profile_id>
    <profilename>MyScreensaver</profilename>
    <firmware>
        <model>IGEL UD Pocket</model>
        <version>10.04.330.01</version>
    </firmware>
    <description></description>
    <overwritesessions>false</overwritesessions>
    <is_master_profile>false</is_master_profile>
    <settings>
        <pclass name="sessions.xlock%.options.time_image_saver.time_monitor">
            <pvalue instancenr="0" variableExpression="" variableSubstitutionActive="false">0</pvalue>
            <variableSubstitutionActive>false</variableSubstitutionActive>
        </pclass>
        <pclass name="userinterface.rccustom.custom_cmd_final">
            <pvalue instancenr="-1" variableExpression="" variableSubstitutionActive="false">if &amp;lb -e /wfs/user/myscreensaver/myscreensaver.jpg &amp;rb; then
	mv /wfs/user/myscreensaver/myscreensaver.jpg /tmp
fi
rm -rf /wfs/user/myscreensaver
mkdir /wfs/user/myscreensaver
chown user:users /wfs/user/myscreensaver
touch /wfs/user/myscreensaver/myscreensaver.jpg
chown user:users /wfs/user/myscreensaver/myscreensaver.jpg
rm -rf /userhome/myscreensaver
ln -sf /wfs/user/myscreensaver /userhome/myscreensaver
if &amp;lb -e /tmp/myscreensaver.jpg &amp;rb; then
	mv /tmp/myscreensaver.jpg /wfs/user/myscreensaver
fi
</pvalue>
            <variableSubstitutionActive>false</variableSubstitutionActive>
        </pclass>
        <pclass name="sessions.xlock%.desktop">
            <pvalue instancenr="0" variableExpression="" variableSubstitutionActive="false">true</pvalue>
            <variableSubstitutionActive>false</variableSubstitutionActive>
        </pclass>
        <pclass name="sessions.xlock%.options.time_image_saver.screen_background_color">
            <pvalue instancenr="0" variableExpression="" variableSubstitutionActive="false">#000000</pvalue>
            <variableSubstitutionActive>false</variableSubstitutionActive>
        </pclass>
        <pclass name="sessions.xlock%.options.time_image_saver.image_enable">
            <pvalue instancenr="0" variableExpression="" variableSubstitutionActive="false">true</pvalue>
            <variableSubstitutionActive>false</variableSubstitutionActive>
        </pclass>
        <pclass name="sessions.xlock%.options.time_image_saver.image_per_monitor">
            <pvalue instancenr="0" variableExpression="" variableSubstitutionActive="false">true</pvalue>
            <variableSubstitutionActive>false</variableSubstitutionActive>
        </pclass>
        <pclass name="sessions.xlock%.options.autolock">
            <pvalue instancenr="0" variableExpression="" variableSubstitutionActive="false">true</pvalue>
            <variableSubstitutionActive>false</variableSubstitutionActive>
        </pclass>
        <pclass name="sessions.xlock%.options.time_image_saver.image_duration">
            <pvalue instancenr="0" variableExpression="" variableSubstitutionActive="false">10</pvalue>
            <variableSubstitutionActive>false</variableSubstitutionActive>
        </pclass>
        <pclass name="sessions.xlock%.options.custom_logo">
            <pvalue instancenr="0" variableExpression="" variableSubstitutionActive="false">/userhome/myscreensaver</pvalue>
            <variableSubstitutionActive>false</variableSubstitutionActive>
        </pclass>
        <pclass name="sessions.xlock%.options.time_image_saver.image_display_mode">
            <pvalue instancenr="0" variableExpression="" variableSubstitutionActive="false">mediumhopping</pvalue>
            <variableSubstitutionActive>false</variableSubstitutionActive>
        </pclass>
    </settings>
    <instancesettings/>
</profile>
